0,0
12.267,0.026383
12.267,-0.0089948
12.264,-0.062587
12.236,-0.089886
12.164,-0.12647
12.102,-0.13829
12.111,-0.1561
12.258,-0.15507
12.522,-0.16021
12.78,-0.15213
12.969,-0.14963
13.083,-0.13623
13.096,-0.12611
13.024,-0.10753
12.903,-0.093687
12.742,-0.076544
12.541,-0.06676
12.293,-0.057868
12.084,-0.057512
12.02,-0.058861
12.086,-0.065474
12.205,-0.070106
12.341,-0.075245
12.502,-0.076109
12.636,-0.075871
12.733,-0.072137
12.841,-0.06862
12.949,-0.064167
13.03,-0.062008
13.035,-0.061256
12.938,-0.063706
12.789,-0.067427
12.634,-0.072919
12.504,-0.077911
12.445,-0.082226
12.504,-0.083982
12.675,-0.083528
12.866,-0.080723
12.997,-0.077514
13.02,-0.074805
12.943,-0.074073
12.833,-0.075274
12.752,-0.078595
12.7,-0.082705
12.646,-0.086652
12.537,-0.089405
12.397,-0.090975
12.299,-0.091386
12.271,-0.090835
12.308,-0.089243
12.379,-0.087489
12.45,-0.086656
12.496,-0.087777
12.508,-0.090872
12.479,-0.095893
12.38,-0.10198
12.218,-0.10763
12.062,-0.11157
11.944,-0.11362
11.84,-0.11441
11.714,-0.11498
11.613,-0.11664
11.624,-0.12084
11.739,-0.1285
11.915,-0.13948
12.079,-0.15193
12.195,-0.16351
12.301,-0.17284
12.407,-0.17977
12.509,-0.18449
12.623,-0.18717
12.723,-0.1884
12.713,-0.1894
12.551,-0.19184
12.323,-0.19718
12.151,-0.20553
12.085,-0.21524
12.13,-0.22412
12.26,-0.23078
12.424,-0.23491
12.578,-0.23734
12.667,-0.23888
12.624,-0.23949
12.42,-0.23935
12.119,-0.2386
11.84,-0.23713
11.65,-0.23583
11.586,-0.23626
11.653,-0.23918
11.808,-0.24458
11.979,-0.25162
12.099,-0.25866
12.147,-0.26441
12.245,-0.26843
12.484,-0.27065
12.807,-0.2713
13.092,-0.27056
13.278,-0.26892
13.388,-0.2678
13.385,-0.26877
13.206,-0.2721
12.894,-0.27721
12.524,-0.28386
12.195,-0.29118
12.025,-0.29704
12.055,-0.2998
12.221,-0.29953
12.409,-0.29803
12.5,-0.29806
12.454,-0.30116
12.325,-0.30641
12.173,-0.31152
12.083,-0.31505
12.091,-0.31742
12.143,-0.31967
12.19,-0.32218
12.21,-0.32491
12.171,-0.32765
12.075,-0.33017
11.99,-0.33232
11.991,-0.33419
12.085,-0.33576
12.198,-0.33685
12.266,-0.3375
12.302,-0.33891
12.349,-0.34224
12.421,-0.34784
12.489,-0.35447
12.501,-0.35998
12.448,-0.36328
12.38,-0.36523
12.352,-0.36796
12.421,-0.37265
12.544,-0.37843
12.632,-0.38365
12.602,-0.3866
12.438,-0.38694
12.197,-0.38629
12.035,-0.38574
12.019,-0.38556
12.07,-0.38657
12.096,-0.38986
12.054,-0.39595
11.984,-0.40585
11.908,-0.41914
11.868,-0.43309
11.899,-0.44394
11.928,-0.44991
11.886,-0.45208
11.781,-0.45294
11.68,-0.45435
11.605,-0.45644
11.584,-0.4583
11.695,-0.45903
11.935,-0.45917
12.249,-0.46055
12.61,-0.46397
12.943,-0.46902
13.192,-0.47497
13.299,-0.48059
13.241,-0.48395
13.073,-0.48332
12.859,-0.47873
12.645,-0.4719
12.446,-0.46482
12.269,-0.45895
12.161,-0.45499
12.112,-0.45396
12.111,-0.45647
12.173,-0.46055
12.24,-0.46306
12.269,-0.46307
12.284,-0.46268
12.299,-0.46479
12.321,-0.47064
12.378,-0.47927
12.484,-0.48858
12.603,-0.49608
12.696,-0.50061
12.721,-0.50332
12.617,-0.50664
12.393,-0.51175
12.123,-0.51743
11.885,-0.52257
11.731,-0.52746
11.682,-0.53145
11.756,-0.53333
11.948,-0.5333
12.194,-0.5329
12.432,-0.53236
12.65,-0.53089
12.852,-0.52875
12.973,-0.52808
12.919,-0.52989
12.674,-0.53217
12.351,-0.53237
12.108,-0.53038
12.012,-0.52769
12.091,-0.52534
12.276,-0.52327
12.407,-0.52147
12.4,-0.51999
12.261,-0.51895
12.052,-0.51899
11.843,-0.52131
11.75,-0.52709
11.823,-0.53569
11.992,-0.54425
12.115,-0.54914
12.056,-0.54915
11.843,-0.54678
11.655,-0.5448
11.607,-0.54363
11.717,-0.54349
11.872,-0.54579
11.913,-0.5514
11.798,-0.56028
11.604,-0.57106
11.459,-0.58101
11.448,-0.58778
11.548,-0.59144
11.736,-0.59356
11.973,-0.59582
12.141,-0.59957
12.133,-0.60464
11.955,-0.60976
11.742,-0.61347
11.621,-0.61517
11.583,-0.61569
11.568,-0.61634
11.623,-0.61857
11.751,-0.62351
11.874,-0.63053
11.919,-0.63905
11.893,-0.64882
11.823,-0.65923
11.749,-0.6691
11.741,-0.67747
11.847,-0.68254
12.062,-0.68282
12.348,-0.67921
12.639,-0.67454
12.867,-0.67007
13.024,-0.66546
13.096,-0.66005
13.094,-0.65394
13.006,-0.64872
12.829,-0.64496
12.618,-0.64139
12.446,-0.63808
12.305,-0.6369
12.171,-0.6383
12.11,-0.64036
12.163,-0.64128
12.31,-0.64071
12.514,-0.63938
12.693,-0.63839
12.795,-0.63801
12.816,-0.63742
12.781,-0.63643
12.705,-0.63723
12.585,-0.6419
12.465,-0.64816
12.388,-0.65099
12.367,-0.64782
12.354,-0.64059
12.339,-0.63238
12.337,-0.62554
12.306,-0.62241
12.238,-0.62467
12.192,-0.63106
12.188,-0.63801
12.215,-0.64255
12.292,-0.64238
12.423,-0.63691
12.552,-0.62876
12.621,-0.62123
12.583,-0.61586
12.46,-0.6126
12.318,-0.61134
12.229,-0.61195
12.232,-0.61467
12.306,-0.62061
12.413,-0.62937
12.489,-0.63844
12.528,-0.64464
12.599,-0.64629
12.681,-0.64403
12.721,-0.63955
12.756,-0.63406
12.793,-0.62902
12.77,-0.62612
12.726,-0.62532
12.698,-0.62488
12.666,-0.62228
12.624,-0.61608
12.57,-0.60775
12.521,-0.60099
12.483,-0.59873
12.485,-0.60173
12.58,-0.60771
12.717,-0.6118
12.832,-0.61065
12.888,-0.60394
12.895,-0.59379
12.88,-0.58274
12.83,-0.57216
12.689,-0.56289
12.448,-0.55539
12.191,-0.54945
12.041,-0.54588
12.043,-0.54642
12.144,-0.55145
12.285,-0.55884
12.428,-0.56613
12.546,-0.57264
12.639,-0.57897
12.718,-0.58602
12.785,-0.59387
12.799,-0.60104
12.72,-0.60591
12.578,-0.60725
12.405,-0.60518
12.202,-0.60258
12.052,-0.60279
12.039,-0.60604
12.1,-0.60976
12.11,-0.61094
12.008,-0.60801
11.837,-0.60235
11.69,-0.59776
11.646,-0.59739
11.728,-0.60107
11.895,-0.60743
12.092,-0.61443
12.26,-0.61911
12.385,-0.62092
12.442,-0.62127
12.47,-0.62104
12.499,-0.62027
12.521,-0.61852
12.544,-0.61477
12.547,-0.60909
12.534,-0.60352
12.544,-0.59932
12.61,-0.59565
12.708,-0.59135
12.739,-0.58578
12.602,-0.57898
12.333,-0.57171
12.072,-0.56572
11.954,-0.56281
12.028,-0.56364
12.238,-0.56644
12.541,-0.56856
12.856,-0.5686
13.023,-0.56724
13.001,-0.56614
12.882,-0.5653
12.821,-0.56402
12.891,-0.56237
13.015,-0.56119
13.072,-0.559
13.004,-0.55365
12.831,-0.545
12.577,-0.53398
12.297,-0.52193
12.034,-0.50965
11.796,-0.49895
11.605,-0.49338
11.536,-0.49437
11.627,-0.49929
11.823,-0.50426
12.088,-0.50743
12.374,-0.50923
12.574,-0.51035
12.568,-0.5107
12.328,-0.51032
11.958,-0.50866
11.627,-0.50459
11.498,-0.49805
11.588,-0.49161
11.797,-0.48882
11.97,-0.49171
12.059,-0.49961
12.116,-0.5101
12.151,-0.52012
12.102,-0.52688
11.978,-0.52861
11.871,-0.52349
11.861,-0.51262
11.954,-0.50077
12.144,-0.49271
12.395,-0.49002
12.602,-0.49072
12.691,-0.49228
12.654,-0.49258
12.576,-0.49009
12.498,-0.4855
12.396,-0.48048
12.282,-0.47683
12.211,-0.47592
12.172,-0.47805
12.109,-0.4835
12.027,-0.49147
11.973,-0.49845
11.949,-0.50059
11.943,-0.49641
11.949,-0.48722
11.979,-0.47721
12.046,-0.47132
12.162,-0.47304
12.267,-0.4831
12.289,-0.49754
12.227,-0.51143
12.108,-0.52211
11.96,-0.52827
11.851,-0.52916
11.814,-0.52547
11.811,-0.51785
11.814,-0.50674
11.85,-0.49399
11.912,-0.48208
11.925,-0.47391
11.865,-0.47167
11.783,-0.47555
11.766,-0.48482
11.85,-0.49758
11.992,-0.51001
12.132,-0.51776
12.216,-0.51824
12.258,-0.51198
12.283,-0.50175
12.326,-0.49143
12.407,-0.48367
12.483,-0.47896
12.504,-0.47604
12.498,-0.47383
12.497,-0.47368
12.52,-0.47688
12.546,-0.48189
12.512,-0.48539
12.44,-0.48562
12.385,-0.48429
12.33,-0.48484
12.263,-0.48801
12.21,-0.49125
12.2,-0.49208
12.236,-0.49047
12.27,-0.48796
12.231,-0.48609
12.118,-0.48565
11.98,-0.48707
11.861,-0.49061
11.821,-0.49563
11.882,-0.50112
11.972,-0.50604
12.067,-0.51005
12.164,-0.51318
12.224,-0.51442
12.281,-0.51212
12.345,-0.50631
12.396,-0.49869
12.374,-0.49056
12.264,-0.48147
12.161,-0.47017
12.146,-0.45598
12.26,-0.44145
12.48,-0.43056
12.741,-0.42599
12.973,-0.42836
13.121,-0.43503
13.13,-0.44172
13.007,-0.44631
12.858,-0.44931
12.771,-0.4507
12.758,-0.44912
12.792,-0.44392
12.816,-0.43754
12.812,-0.43372
12.774,-0.43275
12.711,-0.43108
12.644,-0.42596
12.586,-0.41629
12.532,-0.40236
12.489,-0.38741
12.433,-0.37523
12.329,-0.36806
12.225,-0.36637
12.172,-0.36822
12.209,-0.37135
12.323,-0.37406
12.387,-0.37507
12.335,-0.37505
12.217,-0.37556
12.108,-0.37705
12.041,-0.37964
12.016,-0.38338
12.029,-0.38764
12.071,-0.39002
12.169,-0.38793
12.33,-0.38106
12.476,-0.3723
12.541,-0.36484
12.502,-0.36039
12.376,-0.35949
12.199,-0.36306
12.022,-0.37178
11.905,-0.38426
11.898,-0.39758
11.995,-0.40917
12.162,-0.41817
12.332,-0.42435
12.435,-0.42748
12.466,-0.42722
12.429,-0.42395
12.342,-0.41758
12.244,-0.40814
12.201,-0.39751
12.259,-0.38734
12.397,-0.37952
12.57,-0.37673
12.699,-0.37964
12.714,-0.38566
12.611,-0.39085
12.479,-0.39266
12.365,-0.38986
12.307,-0.38433
12.321,-0.38042
12.344,-0.38067
12.364,-0.38501
12.403,-0.39205
12.42,-0.39773
12.351,-0.39767
12.172,-0.38963
11.973,-0.37509
11.879,-0.35805
11.91,-0.34467
11.966,-0.3405
11.953,-0.34639
11.898,-0.35763
11.907,-0.36859
11.992,-0.37709
12.111,-0.38272
12.249,-0.38391
12.386,-0.38028
12.529,-0.3749
12.618,-0.37097
12.584,-0.36961
12.437,-0.36971
12.198,-0.36935
11.962,-0.36701
11.776,-0.36375
11.621,-0.36243
11.519,-0.36551
11.576,-0.37367
11.79,-0.38501
12.046,-0.39566
12.223,-0.40202
12.286,-0.40285
12.296,-0.39877
12.293,-0.39086
12.282,-0.37998
12.285,-0.36715
12.316,-0.35401
12.35,-0.34209
12.355,-0.33243
12.387,-0.32444
12.496,-0.31787
12.631,-0.31323
12.743,-0.31087
12.805,-0.31096
12.772,-0.31312
12.646,-0.31758
12.458,-0.32384
12.238,-0.33017
12.015,-0.33435
11.825,-0.33583
11.704,-0.33522
11.659,-0.33183
11.738,-0.32559
11.96,-0.31913
12.225,-0.31512
12.411,-0.31413
12.457,-0.3143
12.378,-0.31329
12.248,-0.31166
12.147,-0.31262
12.119,-0.3178
12.155,-0.32616
12.175,-0.33573
12.115,-0.34547
11.974,-0.35439
11.838,-0.36196
11.795,-0.36725
11.827,-0.36897
11.844,-0.36578
11.855,-0.35621
11.959,-0.34159
12.167,-0.32663
12.339,-0.31511
12.347,-0.3076
12.174,-0.30282
11.905,-0.29934
11.681,-0.29863
11.627,-0.30261
11.725,-0.3102
11.863,-0.31846
11.989,-0.32604
12.11,-0.33255
12.216,-0.33708
12.274,-0.33849
12.267,-0.33535
12.215,-0.32813
12.139,-0.31898
12.044,-0.30964
11.946,-0.30337
11.915,-0.30273
11.949,-0.30663
12.007,-0.31175
12.073,-0.3153
12.145,-0.31544
12.191,-0.31179
12.189,-0.30521
12.182,-0.29686
12.194,-0.28785
12.224,-0.2794
12.295,-0.27406
12.376,-0.27381
12.423,-0.27868
12.429,-0.28795
12.45,-0.299
12.523,-0.30867
12.603,-0.31466
12.639,-0.3157
12.6,-0.31168
12.488,-0.30169
12.381,-0.28585
12.276,-0.26758
12.173,-0.25136
12.157,-0.2389
12.203,-0.22962
12.23,-0.22663
12.272,-0.23366
12.363,-0.24813
12.465,-0.26225
12.57,-0.26907
12.722,-0.26568
12.856,-0.25371
12.872,-0.23862
12.696,-0.22674
12.294,-0.22293
11.774,-0.2293
11.351,-0.24436
11.188,-0.26396
11.246,-0.28264
11.405,-0.29658
11.589,-0.3061
11.741,-0.31281
11.86,-0.31503
11.936,-0.31013
11.962,-0.29735
12,-0.2798
12.048,-0.26262
12.086,-0.25011
12.115,-0.24433
12.147,-0.24421
12.199,-0.24756
12.245,-0.25378
12.244,-0.26318
12.168,-0.27327
12.065,-0.27884
12.002,-0.27826
12.044,-0.27454
12.183,-0.27078
12.329,-0.26731
12.373,-0.26249
12.276,-0.25461
12.079,-0.24274
11.821,-0.22569
11.572,-0.20418
11.446,-0.18407
11.465,-0.17403
11.595,-0.17857
11.807,-0.19489
12.029,-0.21641
12.189,-0.23634
12.304,-0.2501
12.386,-0.25769
12.476,-0.26201
12.608,-0.26388
12.733,-0.26101
12.758,-0.25111
12.644,-0.23515
12.48,-0.21857
12.389,-0.20551
12.427,-0.19678
12.529,-0.1935
12.605,-0.19563
12.662,-0.19857
12.688,-0.19825
12.683,-0.19481
12.692,-0.18863
12.687,-0.17894
12.653,-0.16703
12.643,-0.15729
12.696,-0.15358
12.737,-0.15483
12.716,-0.15718
12.629,-0.15845
12.511,-0.15899
12.384,-0.16092
12.249,-0.16507
12.126,-0.16916
12.001,-0.16987
11.894,-0.16632
11.866,-0.16114
11.945,-0.15751
12.123,-0.15725
12.323,-0.161
12.505,-0.16716
12.655,-0.17305
12.78,-0.17713
12.904,-0.17992
12.984,-0.18296
12.967,-0.18655
12.852,-0.18973
12.667,-0.19153
12.45,-0.19174
12.224,-0.1885
12.071,-0.1792
12.056,-0.16525
12.102,-0.15243
12.104,-0.14613
12.028,-0.14819
11.945,-0.15632
11.924,-0.16462
11.991,-0.16813
12.125,-0.16682
12.292,-0.16192
12.449,-0.15353
12.572,-0.14358
12.702,-0.13551
12.844,-0.13103
12.912,-0.12982
12.853,-0.1301
12.636,-0.12906
12.323,-0.12422
12.056,-0.11537
11.881,-0.10556
11.758,-0.097412
11.668,-0.092287
11.607,-0.090598
11.627,-0.090443
11.701,-0.090708
11.749,-0.090613
11.757,-0.090848
11.794,-0.092992
11.892,-0.097933
12.014,-0.10546
12.128,-0.1127
12.208,-0.11693
12.24,-0.11745
12.266,-0.11472
12.334,-0.10996
12.456,-0.10473
12.578,-0.098643
12.649,-0.090142
12.747,-0.081328
12.911,-0.076596
13.027,-0.078099
13.011,-0.084075
12.907,-0.090691
12.741,-0.093625
12.539,-0.08966
12.41,-0.079906
12.38,-0.069356
12.443,-0.061778
12.583,-0.058658
12.736,-0.05949
12.825,-0.061975
12.832,-0.063223
12.797,-0.062515
12.766,-0.061678
12.75,-0.063617
12.745,-0.068485
12.711,-0.072342
12.615,-0.071128
12.534,-0.064594
12.556,-0.053323
12.621,-0.037694
12.604,-0.018203
12.492,0.0031356
12.386,0.021853
12.353,0.034907
12.328,0.04222
12.228,0.043144
12.093,0.036746
11.986,0.025348
11.915,0.014298
11.892,0.0072543
11.939,0.0046321
11.992,0.0043018
12.028,0.0032188
12.095,-7.2348e-05
12.19,-0.0054237
12.25,-0.01273
12.249,-0.021094
12.231,-0.028826
12.195,-0.035442
12.15,-0.042074
12.119,-0.049376
12.115,-0.057073
12.148,-0.065514
12.174,-0.07422
12.165,-0.081991
12.202,-0.086888
12.348,-0.087371
12.553,-0.083628
12.749,-0.077116
12.802,-0.068476
12.675,-0.059089
12.512,-0.051942
12.452,-0.048446
12.49,-0.045983
12.548,-0.041329
12.558,-0.035172
12.504,-0.029345
12.427,-0.023314
12.344,-0.016614
12.292,-0.012019
12.27,-0.011675
12.204,-0.015082
12.056,-0.020049
11.896,-0.024171
11.78,-0.027252
11.693,-0.029578
11.67,-0.030298
11.712,-0.02776
11.756,-0.019676
11.799,-0.0070886
11.895,0.0039154
12.065,0.0082954
12.255,0.0063099
12.357,0.000555
12.352,-0.0079274
12.332,-0.017861
12.344,-0.026214
12.397,-0.029115
12.469,-0.0247
12.481,-0.015329
12.387,-0.0053369
12.24,0.0034667
12.148,0.010015
12.164,0.011201
12.255,0.0063341
12.371,-0.0016669
12.505,-0.0085001
12.627,-0.010497
12.69,-0.0047632
12.728,0.0086344
12.775,0.025254
12.799,0.039916
12.803,0.048722
12.779,0.05024
12.718,0.045987
12.671,0.040476
12.725,0.039083
12.819,0.045313
12.849,0.058834
12.766,0.075665
12.629,0.090956
12.507,0.099648
12.405,0.098727
12.303,0.089063
12.261,0.073787
12.258,0.05812
12.232,0.048388
12.192,0.047833
12.139,0.056065
12.101,0.070333
12.141,0.087016
12.234,0.1031
12.333,0.11692
12.454,0.12769
12.602,0.13557
12.734,0.1428
12.827,0.15095
12.883,0.16009
12.858,0.1681
12.712,0.17341
12.515,0.17556
12.347,0.17571
12.196,0.17607
12.041,0.17766
11.91,0.18205
11.796,0.19033
11.73,0.20229
11.768,0.21662
11.908,0.2309
12.099,0.24198
12.271,0.24802
12.428,0.24951
12.588,0.24846
12.683,0.24766
12.655,0.24967
12.534,0.25361
12.367,0.25761
12.167,0.26034
11.975,0.25923
11.848,0.25172
11.789,0.23976
11.793,0.22926
11.897,0.22301
12.097,0.21849
12.317,0.21334
12.44,0.20908
12.414,0.20913
12.333,0.21342
12.362,0.21988
12.535,0.22504
12.699,0.22548
12.75,0.22045
12.697,0.21034
12.59,0.19714
12.47,0.18445
12.347,0.17576
12.181,0.17305
11.976,0.17453
11.848,0.17699
11.852,0.17964
11.931,0.18282
12.027,0.18534
12.129,0.18714
12.223,0.18902
12.29,0.19006
12.266,0.19085
12.14,0.19433
12.02,0.19984
11.997,0.20338
12.075,0.20183
12.203,0.19487
12.28,0.18582
12.248,0.17963
12.145,0.17956
12.02,0.18648
11.957,0.19708
12.021,0.20481
12.221,0.20448
12.411,0.19618
12.476,0.18451
12.43,0.17476
12.344,0.17065
12.307,0.17345
12.385,0.17917
12.547,0.181
12.675,0.17669
12.626,0.16899
12.431,0.16089
12.233,0.15491
12.091,0.15313
12.069,0.15609
12.162,0.16266
12.307,0.1708
12.434,0.17891
12.488,0.18497
12.426,0.18789
12.271,0.19073
12.124,0.19872
12.073,0.21303
12.119,0.2271
12.201,0.2318
12.262,0.22603
12.279,0.21491
12.245,0.20404
12.189,0.19681
12.151,0.19406
12.171,0.19511
12.277,0.19833
12.393,0.20112
12.459,0.2012
12.482,0.19718
12.458,0.1893
12.394,0.18119
12.307,0.17615
12.21,0.17402
12.192,0.17336
12.281,0.17357
12.404,0.17456
12.515,0.17668
12.585,0.18133
12.608,0.18875
12.565,0.19505
12.438,0.19627
12.321,0.19103
12.284,0.18073
12.311,0.17022
12.4,0.16386
12.551,0.1625
12.752,0.1641
12.97,0.16708
13.149,0.17131
13.236,0.17715
13.161,0.1863
12.899,0.19922
12.498,0.21352
12.075,0.22505
11.766,0.22982
11.639,0.22739
11.703,0.21961
11.868,0.20802
12.033,0.19566
12.137,0.18728
12.212,0.18825
12.324,0.20092
12.504,0.22072
12.653,0.24041
12.671,0.25448
12.556,0.25901
12.392,0.25207
12.229,0.23502
12.078,0.2145
11.995,0.19837
12.003,0.18929
12.094,0.18514
12.252,0.18318
12.455,0.18422
12.657,0.19025
12.811,0.19805
12.875,0.20265
12.855,0.20195
12.848,0.19624
12.881,0.1878
12.932,0.17955
13.004,0.17185
13.064,0.16194
13.056,0.14978
12.996,0.13939
12.921,0.13536
12.825,0.13998
12.71,0.15242
12.605,0.16884
12.523,0.18301
12.43,0.1905
12.321,0.19223
12.177,0.19117
12.044,0.1871
11.927,0.18159
11.824,0.17769
11.806,0.1765
11.878,0.17803
11.978,0.18201
12.032,0.1853
12.054,0.18459
12.079,0.18026
12.123,0.17674
12.227,0.17804
12.406,0.18316
12.65,0.18839
12.913,0.19368
13.061,0.20386
13.049,0.22154
12.943,0.24149
12.827,0.25369
12.761,0.25309
12.705,0.24395
12.628,0.2339
12.572,0.22866
12.526,0.23198
12.441,0.2435
12.349,0.25926
12.324,0.27544
12.352,0.2892
12.373,0.29895
12.341,0.30352
12.296,0.30143
12.31,0.29354
12.331,0.28293
12.272,0.27154
12.196,0.25892
12.211,0.24497
12.298,0.23245
12.385,0.22423
12.444,0.22173
12.485,0.22412
12.492,0.22959
12.43,0.23457
12.328,0.23661
12.291,0.23662
12.339,0.2359
12.392,0.23619
12.399,0.24075
12.361,0.24959
12.332,0.25942
12.336,0.26477
12.378,0.26265
12.432,0.25444
12.449,0.24338
12.408,0.23287
12.353,0.22507
12.332,0.22176
12.32,0.22476
12.265,0.23442
12.155,0.24927
12.025,0.26582
11.926,0.27983
11.926,0.28813
12.063,0.28744
12.266,0.27667
12.432,0.26083
12.506,0.24568
12.466,0.2338
12.342,0.22591
12.179,0.22284
12.012,0.22511
11.831,0.23164
11.703,0.24176
11.666,0.25448
11.689,0.26512
11.738,0.27072
11.766,0.27231
11.811,0.26976
11.891,0.26161
11.954,0.2481
11.989,0.23042
11.991,0.21216
11.976,0.19916
11.969,0.19636
12.017,0.20376
12.124,0.21783
12.243,0.23477
12.329,0.25064
12.368,0.2622
12.359,0.26724
12.343,0.26687
12.376,0.26362
12.466,0.26014
12.582,0.2588
12.69,0.26071
12.776,0.26527
12.858,0.27106
12.907,0.2761
12.896,0.27859
12.855,0.27783
12.808,0.27553
12.711,0.27556
12.56,0.28084
12.424,0.28951
12.313,0.29779
12.193,0.30316
12.062,0.30562
11.964,0.30735
11.936,0.30944
11.964,0.31228
11.981,0.31765
11.93,0.32671
11.849,0.33736
11.789,0.34488
11.816,0.34366
11.983,0.33047
12.217,0.30708
12.364,0.27819
12.347,0.2486
12.206,0.22227
12.066,0.204
11.989,0.19821
11.926,0.20532
11.883,0.22052
11.945,0.23676
12.165,0.25155
12.443,0.26622
12.616,0.27999
12.63,0.28934
12.513,0.29232
12.346,0.29188
12.217,0.29142
12.153,0.29367
12.158,0.30005
12.182,0.30769
12.192,0.30877
12.2,0.29843
12.248,0.27941
12.363,0.25845
12.478,0.24031
12.578,0.22647
12.653,0.21667
12.638,0.20906
12.496,0.19997
12.289,0.18634
12.112,0.16999
11.975,0.15643
11.818,0.15149
11.597,0.15774
11.392,0.17325
11.3,0.19229
11.341,0.20907
11.493,0.22364
11.702,0.2396
11.929,0.25778
12.136,0.27422
12.302,0.28246
12.457,0.28017
12.591,0.27154
12.667,0.2625
12.657,0.25617
12.577,0.25339
12.499,0.25343
12.432,0.25325
12.347,0.25179
12.239,0.25212
12.113,0.25729
11.977,0.26826
12.006,0.28302
12.255,0.29705
12.588,0.30634
12.843,0.31023
12.916,0.31058
12.803,0.31168
12.638,0.31909
12.52,0.33419
12.447,0.351
12.388,0.36191
12.31,0.36387
12.193,0.35757
12.018,0.34483
11.808,0.3296
11.629,0.31683
11.516,0.30736
11.534,0.29697
11.752,0.28177
12.083,0.26242
12.321,0.24384
12.385,0.23216
12.328,0.23046
12.228,0.23582
12.15,0.24427
12.079,0.25567
12.019,0.26906
12.015,0.27836
12.089,0.27624
12.242,0.26246
12.409,0.24403
12.44,0.2278
12.274,0.21991
12.014,0.22499
11.745,0.2412
11.555,0.26057
11.533,0.27375
11.691,0.27639
11.94,0.26988
12.215,0.25846
12.501,0.24735
12.756,0.24061
12.912,0.23949
12.941,0.24087
12.847,0.2392
12.709,0.23083
12.598,0.21836
12.458,0.2101
12.29,0.21342
12.157,0.23
12.12,0.25648
12.141,0.28725
12.189,0.31486
12.25,0.33253
12.331,0.33953
12.425,0.34035
12.467,0.33748
12.433,0.32946
12.298,0.31262
12.123,0.28884
11.96,0.26362
11.817,0.2397
11.78,0.21757
11.884,0.20045
12.087,0.19438
12.352,0.20135
12.619,0.21889
12.819,0.24361
12.946,0.27063
12.994,0.2939
12.917,0.30735
12.753,0.30786
12.535,0.29714
12.328,0.27963
12.196,0.26046
12.19,0.24356
12.313,0.22894
12.484,0.2172
12.647,0.21262
12.733,0.21859
12.663,0.23372
12.437,0.25391
12.198,0.27429
12.034,0.29271
11.998,0.30944
12.099,0.32246
12.244,0.32653
12.335,0.31978
12.331,0.3055
12.258,0.28728
12.169,0.26892
12.131,0.25446
12.208,0.24581
12.344,0.24381
12.435,0.24972
12.465,0.26164
12.467,0.27671
12.454,0.29249
12.439,0.30629
12.448,0.31651
12.49,0.3223
12.553,0.3233
12.591,0.32082
12.577,0.3184
12.498,0.31859
12.353,0.32107
12.171,0.32286
12,0.31937
11.852,0.30836
11.778,0.29078
11.835,0.26975
11.958,0.25135
12.018,0.239
11.994,0.22987
11.966,0.21806
11.997,0.20094
12.069,0.18359
12.163,0.17459
12.238,0.179
12.246,0.19642
12.159,0.22395
12.018,0.25588
11.918,0.28507
11.928,0.30502
12.049,0.31227
12.284,0.30754
12.615,0.29764
12.911,0.29168
13.063,0.29363
13.09,0.30098
12.987,0.30967
12.752,0.3166
12.48,0.31784
12.281,0.30895
12.181,0.28922
12.14,0.26444
12.127,0.24522
12.117,0.23879
12.14,0.24383
12.214,0.25368
12.28,0.26413
12.329,0.27398
12.413,0.28338
12.495,0.29356
12.47,0.30458
12.341,0.31472
12.217,0.323
12.249,0.32665
12.406,0.32241
12.57,0.30914
12.667,0.29023
12.686,0.27127
12.666,0.25781
12.651,0.25512
12.647,0.26209
12.638,0.27299
12.608,0.28315
12.544,0.29141
12.43,0.29984
12.343,0.30761
12.348,0.31012
12.365,0.30552
12.361,0.29598
12.336,0.28515
12.31,0.27666
12.335,0.2734
12.462,0.2779
12.713,0.29034
12.998,0.30512
13.188,0.3146
13.162,0.31364
12.941,0.30184
12.679,0.28734
12.463,0.28049
12.265,0.28454
12.073,0.29621
11.918,0.31174
11.79,0.32985
11.663,0.34888
11.579,0.36739
11.603,0.38406
11.704,0.39603
11.813,0.39974
11.845,0.39336
11.786,0.37708
11.709,0.35317
11.706,0.32671
11.777,0.30425
11.883,0.29134
11.975,0.28991
12.049,0.29752
12.139,0.30872
12.282,0.31916
12.469,0.32633
12.627,0.32799
12.665,0.32199
12.574,0.30847
12.445,0.29085
12.406,0.27429
12.473,0.26185
12.552,0.25437
12.589,0.25195
12.562,0.25484
12.457,0.2626
12.267,0.27459
12.042,0.292
11.841,0.31273
11.708,0.32982
11.678,0.33767
11.773,0.3373
11.96,0.3353
12.175,0.33759
12.349,0.34436
12.464,0.35152
12.548,0.3557
12.607,0.35631
12.597,0.35378
12.535,0.34776
12.469,0.33977
12.415,0.33183
12.384,0.32439
12.378,0.31728
12.384,0.31167
12.385,0.3107
12.43,0.31604
12.526,0.32729
12.601,0.34173
12.61,0.35484
12.539,0.36687
12.422,0.38174
12.304,0.40003
12.196,0.41908
12.156,0.43543
12.207,0.44685
12.295,0.45094
12.395,0.4458
12.484,0.43263
12.453,0.41578
12.339,0.39998
12.252,0.38818
12.178,0.3825
12.104,0.38258
12.005,0.38461
11.912,0.38555
11.885,0.38482
11.94,0.38301
12.042,0.38001
12.119,0.37575
12.151,0.37044
12.179,0.36484
12.239,0.36226
12.294,0.3649
12.262,0.36844
12.168,0.36453
12.084,0.34896
11.996,0.32364
11.894,0.29401
11.846,0.26934
11.892,0.25823
11.962,0.26304
11.943,0.27938
11.815,0.30064
11.683,0.3215
11.662,0.34007
11.788,0.35531
11.947,0.36629
12.045,0.37298
12.112,0.37602
12.194,0.3777
12.297,0.37906
12.392,0.37902
12.394,0.37554
12.258,0.36784
12.066,0.35691
11.938,0.3422
11.939,0.32198
12.072,0.29914
12.257,0.27949
12.349,0.26714
12.328,0.26304
12.234,0.26612
12.128,0.27415
12.072,0.28596
12.123,0.30221
12.311,0.32035
12.557,0.33649
12.683,0.34955
12.675,0.35969
12.581,0.36721
12.414,0.37077
12.268,0.36775
12.193,0.35862
12.198,0.34809
12.227,0.33962
12.175,0.33443
12.034,0.33544
11.893,0.34518
11.822,0.36026
11.795,0.37417
11.774,0.38266
11.698,0.38403
11.559,0.38024
11.516,0.37489
11.679,0.37059
11.966,0.36825
12.257,0.36789
12.502,0.36933
12.71,0.37206
12.869,0.37478
12.901,0.37612
12.789,0.37576
12.57,0.37233
12.307,0.36168
12.094,0.33878
11.977,0.30772
11.884,0.27842
11.752,0.25743
11.671,0.24663
11.712,0.24526
11.844,0.25001
11.989,0.25603
12.068,0.2601
12.085,0.26223
12.124,0.2648
12.259,0.26917
12.47,0.27367
12.713,0.27672
12.918,0.27896
13.041,0.28262
13.069,0.28882
13.027,0.2955
12.954,0.29944
12.822,0.29965
12.612,0.29812
12.386,0.29666
12.239,0.29394
12.198,0.28719
12.231,0.27682
12.269,0.26518
12.3,0.25662
12.356,0.25531
12.439,0.26251
12.487,0.27695
12.508,0.29623
12.545,0.31925
12.537,0.34338
12.402,0.36568
12.16,0.38492
11.89,0.40054
11.654,0.4109
11.518,0.41259
11.494,0.40166
11.568,0.37555
11.722,0.33671
11.919,0.29259
12.094,0.25407
12.194,0.23104
12.26,0.22797
12.351,0.24252
12.486,0.26871
12.682,0.30019
12.897,0.33248
13.044,0.36203
13.077,0.3852
12.942,0.40082
12.653,0.40932
12.361,0.41017
12.193,0.40392
12.145,0.39019
12.161,0.3693
12.21,0.34746
12.3,0.33296
12.378,0.32758
12.393,0.32552
12.357,0.32197
12.313,0.31931
12.319,0.32273
12.429,0.33449
12.582,0.35222
12.626,0.36902
12.502,0.37699
12.266,0.37283
12.009,0.35936
11.82,0.34318
11.746,0.3324
11.833,0.33075
12.005,0.33587
12.157,0.34453
12.297,0.35538
12.44,0.36724
12.58,0.37647
12.705,0.38108
12.708,0.3825
12.529,0.38396
12.245,0.38853
11.992,0.39462
11.888,0.39684
11.948,0.39254
12.083,0.38404
12.25,0.37409
12.408,0.36116
12.527,0.34358
12.614,0.32352
12.687,0.30616
12.742,0.29653
12.759,0.29744
12.719,0.30955
12.623,0.32973
12.526,0.3536
12.459,0.37753
12.422,0.39751
12.406,0.41014
12.439,0.41388
12.552,0.40907
12.7,0.39797
12.831,0.38346
12.918,0.36769
12.949,0.35236
12.904,0.33878
12.78,0.32978
12.602,0.3293
12.466,0.33984
12.448,0.35921
12.494,0.38142
12.495,0.40078
12.448,0.41524
12.381,0.42497
12.29,0.42989
12.185,0.4299
12.083,0.42652
12.061,0.42347
12.17,0.42463
12.388,0.42953
12.649,0.43494
12.827,0.43901
12.857,0.44172
12.757,0.44314
12.548,0.44415
12.253,0.44499
11.937,0.4451
11.713,0.44283
11.624,0.43433
11.66,0.4194
11.813,0.40347
12.072,0.39214
12.354,0.38831
12.549,0.39026
12.61,0.39357
12.613,0.39388
12.622,0.38976
12.623,0.38331
12.591,0.37803
12.47,0.37682
12.257,0.38083
12.045,0.39073
11.918,0.40461
11.966,0.41614
12.176,0.41977
12.424,0.4131
12.599,0.39753
12.63,0.37946
12.568,0.36478
12.484,0.35447
12.416,0.34704
12.335,0.34063
12.198,0.33226
11.994,0.32155
11.754,0.31278
11.614,0.31033
11.63,0.31367
11.773,0.31882
11.981,0.32268
12.216,0.3239
12.425,0.32413
12.515,0.32501
12.469,0.32665
12.371,0.32839
12.295,0.32912
12.278,0.32993
12.3,0.33092
12.266,0.32605
12.176,0.30764
12.049,0.27579
11.903,0.23773
11.785,0.20382
11.734,0.18418
11.77,0.18533
11.905,0.20576
12.125,0.2368
12.374,0.26934
12.626,0.29664
12.818,0.31378
12.883,0.32075
12.858,0.32088
12.75,0.31707
12.608,0.3112
12.487,0.30577
12.382,0.30367
12.325,0.30603
12.341,0.31115
12.395,0.3166
12.477,0.31997
12.596,0.32073
12.746,0.31871
12.893,0.30995
13.004,0.29033
13.077,0.26419
13.078,0.24094
12.973,0.22699
12.779,0.22191
12.542,0.21959
12.314,0.21823
12.165,0.21984
12.149,0.22424
12.285,0.22987
12.53,0.23605
12.79,0.24182
12.994,0.24505
13.087,0.24649
13.031,0.24855
12.853,0.25321
12.614,0.26338
12.371,0.27832
12.211,0.29263
12.199,0.30169
12.343,0.30542
12.583,0.30523
12.805,0.3007
12.922,0.29164
12.949,0.27932
12.925,0.26317
12.792,0.24346
12.527,0.22318
12.248,0.20634
12.068,0.19578
12.019,0.19022
12.172,0.18554
12.423,0.17747
12.594,0.1676
12.603,0.16109
12.464,0.16024
12.25,0.16349
12.044,0.16759
11.902,0.17107
11.835,0.17554
11.812,0.18012
11.834,0.18175
11.919,0.1794
12.056,0.17701
12.25,0.1796
12.439,0.18728
12.593,0.19793
12.682,0.20687
12.719,0.20944
12.789,0.20241
12.902,0.18601
12.968,0.16599
12.905,0.14979
12.735,0.14127
12.578,0.14152
12.496,0.15116
12.411,0.16747
12.306,0.18406
12.24,0.19355
12.238,0.19327
12.261,0.18253
12.222,0.16402
12.091,0.14457
11.964,0.12817
11.864,0.11584
11.767,0.10955
11.704,0.11092
11.693,0.11828
11.78,0.12705
11.961,0.13352
12.19,0.13759
12.413,0.13986
12.555,0.14092
12.545,0.14213
12.452,0.14359
12.383,0.14281
12.384,0.13776
12.448,0.12971
12.488,0.12207
12.447,0.11651
12.285,0.1131
12.051,0.1114
11.851,0.11148
11.729,0.1141
11.665,0.11863
11.648,0.12317
11.657,0.12507
11.717,0.12276
11.858,0.11674
12.031,0.10837
12.173,0.098997
12.254,0.090702
12.255,0.085029
12.191,0.081225
12.086,0.075006
11.991,0.06424
11.97,0.051545
12.026,0.041388
12.146,0.036256
12.295,0.036504
12.392,0.04012
12.374,0.04449
12.268,0.049259
12.158,0.055306
12.1,0.062875
12.119,0.070324
12.179,0.075198
12.231,0.077354
12.282,0.079132
12.381,0.082873
12.521,0.08528
12.65,0.08128
12.708,0.072154
12.669,0.064904
12.598,0.065701
12.592,0.075715
12.625,0.0922
12.645,0.11033
12.637,0.12593
12.629,0.13809
12.653,0.14763
12.735,0.15543
12.806,0.16297
12.812,0.17066
12.793,0.17711
12.738,0.18188
12.616,0.18592
12.44,0.19056
12.257,0.1959
12.1,0.19841
11.996,0.19575
11.943,0.18937
11.916,0.1817
11.897,0.17475
11.89,0.16822
11.91,0.16198
11.97,0.15769
12.073,0.15788
12.235,0.16361
12.411,0.17228
12.532,0.17997
12.573,0.18538
12.575,0.19009
12.553,0.19466
12.52,0.19835
12.51,0.19999
12.549,0.19993
12.603,0.20061
12.633,0.2036
12.625,0.20829
12.573,0.2132
12.5,0.21709
12.426,0.21914
12.346,0.21953
12.226,0.22217
12.032,0.22967
11.811,0.23865
11.609,0.24268
11.471,0.23831
11.404,0.2274
11.422,0.21478
11.559,0.20279
11.766,0.19032
11.899,0.1771
11.916,0.16546
11.904,0.15905
11.911,0.15914
11.896,0.16373
11.879,0.16944
11.885,0.17331
11.861,0.17435
11.841,0.17312
11.889,0.16957
11.973,0.16373
12.061,0.15631
12.193,0.14734
12.346,0.1379
12.418,0.12963
12.38,0.123
12.272,0.11961
12.217,0.12018
12.288,0.12419
12.405,0.13068
12.455,0.13896
12.442,0.14767
12.451,0.15464
12.503,0.1596
12.568,0.16334
12.612,0.16656
12.587,0.16899
12.484,0.16957
12.337,0.16821
12.204,0.16649
12.096,0.16623
11.937,0.16757
11.711,0.16759
11.492,0.16347
11.401,0.15568
11.484,0.14773
11.701,0.14307
11.987,0.14251
12.27,0.14578
12.515,0.15389
12.686,0.16718
12.734,0.18357
12.637,0.19948
12.42,0.21115
12.199,0.21603
12.046,0.21605
11.97,0.21565
12.016,0.21532
12.199,0.21385
12.417,0.21155
12.552,0.20879
12.585,0.20497
12.533,0.19964
12.449,0.19304
12.344,0.18463
12.22,0.17517
12.047,0.16638
11.828,0.16058
11.681,0.1586
11.658,0.1595
11.762,0.16245
11.948,0.16611
12.117,0.16846
12.232,0.1684
12.273,0.16641
12.196,0.16491
12.018,0.1662
11.824,0.17069
11.724,0.17689
11.722,0.18278
11.805,0.18573
11.984,0.18399
12.218,0.17902
12.413,0.17315
12.529,0.1682
12.584,0.16559
12.579,0.1653
12.522,0.16625
12.466,0.16679
12.42,0.16446
12.373,0.15857
12.353,0.15234
12.36,0.15127
12.351,0.15742
12.266,0.1684
12.147,0.17889
12.071,0.18463
12.068,0.18488
12.06,0.1812
11.968,0.17643
11.825,0.17294
11.69,0.17022
11.62,0.16624
11.686,0.16042
11.886,0.15541
12.137,0.15447
12.348,0.15757
12.46,0.16154
12.444,0.16306
12.31,0.16125
12.157,0.1581
12.056,0.15585
11.994,0.15497
11.977,0.15565
12.031,0.1579
12.154,0.16003
12.346,0.16158
12.525,0.16259
12.595,0.16077
12.511,0.15509
12.318,0.14731
12.136,0.13902
12.018,0.13111
11.987,0.12444
12.025,0.11936
12.003,0.11633
11.883,0.11571
11.776,0.11645
11.819,0.11807
12.005,0.12102
12.19,0.12479
12.276,0.12788
12.285,0.12922
12.253,0.12884
12.229,0.12947
12.245,0.13523
12.285,0.14635
12.311,0.16017
12.336,0.17502
12.396,0.1894
12.479,0.20045
12.503,0.20396
12.422,0.19812
12.267,0.18621
12.132,0.17357
12.04,0.163
11.982,0.15417
11.973,0.14688
12.007,0.1424
12.024,0.14157
12.005,0.14332
11.982,0.14624
12.002,0.1487
12.08,0.14907
12.181,0.14738
12.248,0.14465
12.227,0.14234
12.142,0.14347
12.029,0.1514
11.874,0.16605
11.762,0.18301
11.776,0.19619
11.935,0.20016
12.173,0.19343
12.397,0.17971
12.564,0.16547
12.644,0.15679
12.624,0.15542
12.553,0.15901
12.461,0.16514
12.328,0.17118
12.154,0.17433
11.986,0.17446
11.904,0.173
11.92,0.17153
12.001,0.17061
12.052,0.17065
12.015,0.17268
11.91,0.17794
11.76,0.18632
11.598,0.19466
11.507,0.20031
11.537,0.20216
11.673,0.19953
11.841,0.19327
12.047,0.18511
12.303,0.17655
12.528,0.16882
12.591,0.16379
12.496,0.164
12.348,0.17075
12.236,0.18214
12.182,0.19347
12.168,0.20164
12.208,0.20723
12.29,0.2094
12.342,0.20745
12.347,0.20215
12.335,0.19572
12.327,0.18934
12.381,0.1839
12.506,0.18221
12.579,0.1852
12.529,0.18888
12.407,0.1886
12.256,0.1835
12.081,0.17591
11.929,0.16928
11.832,0.16651
11.786,0.17047
11.784,0.18328
11.81,0.20578
11.817,0.23287
11.739,0.25407
11.6,0.26241
11.515,0.25678
11.61,0.23996
11.903,0.21504
12.324,0.1856
12.738,0.15683
13.01,0.13511
13.067,0.12571
12.984,0.12695
12.821,0.13239
12.627,0.1382
12.466,0.144
12.408,0.15062
12.476,0.15802
12.606,0.16347
12.715,0.16311
12.76,0.15668
12.69,0.14804
12.512,0.1426
12.263,0.1447
12.004,0.15277
11.831,0.16004
11.797,0.16166
11.938,0.15704
12.21,0.14944
12.466,0.14257
12.586,0.13849
12.571,0.13766
12.501,0.14043
12.489,0.14779
12.583,0.1585
12.714,0.16841
12.817,0.17305
12.815,0.17138
12.71,0.16645
12.535,0.1605
12.325,0.15201
12.162,0.14064
12.107,0.13161
12.153,0.1313
12.233,0.14149
12.275,0.15581
12.273,0.1651
12.275,0.16512
12.268,0.15888
12.23,0.15291
12.169,0.15217
12.125,0.1568
12.135,0.16293
12.154,0.1691
12.132,0.1747
12.116,0.17526
12.129,0.167
12.142,0.1512
12.161,0.13274
12.191,0.11831
12.249,0.11578
12.33,0.12671
12.406,0.14544
12.434,0.16392
12.391,0.17445
12.314,0.17482
12.267,0.16863
12.249,0.16038
12.2,0.15292
12.117,0.14596
12.051,0.13855
12.046,0.1294
12.102,0.11815
12.148,0.10776
12.135,0.10081
12.047,0.096464
11.897,0.093984
11.706,0.093318
11.476,0.095194
11.302,0.097569
11.334,0.096347
11.595,0.090593
11.987,0.082269
12.373,0.072197
12.636,0.061551
12.759,0.053751
12.838,0.052391
12.93,0.058065
12.993,0.069104
12.99,0.082907
12.904,0.097113
12.714,0.10794
12.438,0.11256
12.125,0.11284
11.864,0.11248
11.759,0.11216
11.808,0.11051
11.904,0.10644
11.974,0.098195
11.953,0.086079
11.816,0.072419
11.633,0.05889
11.52,0.045368
11.574,0.034053
11.77,0.029229
12.048,0.032373
12.322,0.041699
12.509,0.054868
12.552,0.069483
12.464,0.082763
12.325,0.093755
12.173,0.10221
11.998,0.10676
11.874,0.1089
11.87,0.11091
11.929,0.11181
11.989,0.11009
12.039,0.10642
12.106,0.1007
12.201,0.09176
12.305,0.081211
12.449,0.071904
12.63,0.06427
12.78,0.05871
12.816,0.058588
12.716,0.066594
12.556,0.080081
12.427,0.093531
12.334,0.10303
12.228,0.10848
12.114,0.11171
12.082,0.11232
12.166,0.11074
12.277,0.10933
12.35,0.10875
12.385,0.10798
12.406,0.10565
12.407,0.10139
12.382,0.095113
12.323,0.086549
12.211,0.074319
12.094,0.05981
12.074,0.049293
12.183,0.049304
12.38,0.058841
12.581,0.070366
12.705,0.077288
12.706,0.078357
12.54,0.075287
12.186,0.068551
11.767,0.060906
11.5,0.05938
11.455,0.068988
11.587,0.0852
11.796,0.097843
12.02,0.10049
12.233,0.094326
12.409,0.084158
12.538,0.073346
12.626,0.062947
12.691,0.053996
12.75,0.047425
12.749,0.043285
12.662,0.041649
12.564,0.044812
12.54,0.054423
12.6,0.066248
12.693,0.07213
12.724,0.069861
12.647,0.063368
12.567,0.05717
12.593,0.054707
12.751,0.055483
12.964,0.057267
13.127,0.061142
13.177,0.066405
13.128,0.06901
13.044,0.064482
12.963,0.051916
12.88,0.037331
12.769,0.03031
12.658,0.035069
12.608,0.04846
12.647,0.064671
12.729,0.078058
12.721,0.087388
12.564,0.094843
12.377,0.10188
12.265,0.10867
12.237,0.11492
12.254,0.12021
12.292,0.12202
12.285,0.11794
12.219,0.10859
12.147,0.098149
12.103,0.091546
12.08,0.089742
12.045,0.090204
11.94,0.090219
11.782,0.090261
11.652,0.091476
11.575,0.091762
11.512,0.089003
11.467,0.085406
11.515,0.083885
11.719,0.083795
11.991,0.083251
12.183,0.082035
12.231,0.081372
12.196,0.08247
12.151,0.0835
12.114,0.081757
12.126,0.077315
12.184,0.071832
12.256,0.067656
12.313,0.067219
12.369,0.070545
12.414,0.072795
12.391,0.06546
12.327,0.045419
12.269,0.02076
12.246,0.0019502
12.269,-0.0063581
12.305,-0.0054216
12.288,-0.0032507
12.221,-0.0087757
12.168,-0.02298
12.125,-0.038033
12.071,-0.046315
12.054,-0.045883
12.093,-0.038044
12.11,-0.023756
12.097,-0.0036081
12.077,0.017634
12.054,0.034694
12,0.046383
11.943,0.054209
11.953,0.05969
12.012,0.062744
12.075,0.061514
12.153,0.052369
12.215,0.032264
12.203,0.0056823
12.155,-0.018542
12.13,-0.035931
12.15,-0.048032
12.167,-0.054427
12.107,-0.051806
11.954,-0.039932
11.76,-0.023275
11.626,-0.0059014
11.626,0.010563
11.756,0.024785
11.948,0.032763
12.107,0.031401
12.186,0.022269
12.198,0.0096799
12.156,-0.0037152
12.097,-0.015762
12.01,-0.024379
11.886,-0.028527
11.793,-0.028524
11.776,-0.026535
11.825,-0.02576
11.922,-0.029473
12.051,-0.037039
12.196,-0.044077
12.347,-0.045759
12.483,-0.04061
12.597,-0.030039
12.68,-0.016847
12.687,-0.0049658
12.633,0.0021974
12.567,0.0022222
12.535,-0.0036502
12.501,-0.010734
12.442,-0.017086
12.405,-0.024742
12.414,-0.032403
12.464,-0.035591
12.511,-0.032485
12.487,-0.024345
12.393,-0.014328
12.273,-0.0069492
12.201,-0.0065754
12.172,-0.015762
12.163,-0.034384
12.221,-0.057222
12.314,-0.075612
12.363,-0.08521
12.374,-0.09025
12.373,-0.092779
12.345,-0.08871
12.283,-0.076273
12.196,-0.058403
12.139,-0.041277
12.158,-0.031846
12.252,-0.031361
12.392,-0.035508
12.53,-0.039629
12.605,-0.04034
12.543,-0.037107
12.318,-0.031744
12.014,-0.027418
11.778,-0.025379
11.677,-0.024151
11.678,-0.022583
11.744,-0.020084
11.83,-0.018201
11.892,-0.020516
11.908,-0.028926
11.896,-0.040406
11.843,-0.048651
11.783,-0.048971
11.802,-0.042303
11.936,-0.033835
12.134,-0.026505
12.329,-0.021219
12.497,-0.019051
12.62,-0.02067
12.673,-0.023408
12.619,-0.022249
12.446,-0.013953
12.165,-0.00010857
11.824,0.011997
11.541,0.015975
11.436,0.011402
11.506,-0.00033143
11.649,-0.016487
11.751,-0.031815
11.806,-0.041669
11.849,-0.045388
11.897,-0.046263
11.944,-0.047053
11.991,-0.04821
12.092,-0.049881
12.245,-0.051909
12.384,-0.05374
12.464,-0.055633
12.445,-0.05787
12.315,-0.058467
12.126,-0.055898
11.952,-0.051653
11.847,-0.048767
11.853,-0.051793
11.958,-0.06406
12.084,-0.081412
12.196,-0.097441
12.28,-0.10972
12.328,-0.11717
12.316,-0.11704
12.245,-0.10745
12.17,-0.091705
12.106,-0.077238
12.059,-0.068623
12.025,-0.066491
11.98,-0.069674
11.955,-0.075121
11.947,-0.07935
11.871,-0.081531
11.748,-0.081214
11.731,-0.078407
11.886,-0.075042
12.18,-0.074115
12.469,-0.078654
12.584,-0.088556
12.54,-0.10069
12.477,-0.11351
12.493,-0.12414
12.561,-0.12787
12.605,-0.12293
12.573,-0.11282
12.4,-0.10263
12.167,-0.093071
12.015,-0.083761
11.991,-0.076891
12.061,-0.075824
12.087,-0.08382
11.995,-0.10017
11.891,-0.11895
11.884,-0.1352
11.999,-0.14586
12.203,-0.14746
12.429,-0.13919
12.591,-0.12485
12.657,-0.10739
12.659,-0.089323
12.601,-0.075253
12.451,-0.067951
12.259,-0.066214
12.115,-0.067451
12.048,-0.069738
12.054,-0.072264
12.134,-0.077065
12.266,-0.085877
12.383,-0.097279
12.448,-0.10723
12.47,-0.11074
12.482,-0.10635
12.498,-0.095376
12.484,-0.081478
12.405,-0.068776
12.264,-0.059937
12.093,-0.056583
11.935,-0.058768
11.866,-0.064619
11.954,-0.071481
12.164,-0.075332
12.385,-0.075066
12.56,-0.073503
12.637,-0.072496
12.576,-0.070443
12.438,-0.066467
12.296,-0.062358
12.187,-0.060301
12.148,-0.060073
12.14,-0.059294
12.118,-0.055982
12.087,-0.050122
12.028,-0.045181
11.952,-0.047423
11.92,-0.060958
11.955,-0.083909
12.022,-0.11006
12.101,-0.13302
12.2,-0.14862
12.336,-0.15603
12.462,-0.15372
12.545,-0.14228
12.581,-0.1264
12.603,-0.11308
12.611,-0.10473
12.625,-0.099148
12.627,-0.09338
12.54,-0.087247
12.369,-0.082654
12.169,-0.080878
11.983,-0.082702
11.798,-0.086127
11.58,-0.086976
11.335,-0.084219
11.098,-0.081363
10.889,-0.083144
10.796,-0.091769
10.845,-0.10504
10.988,-0.11896
11.21,-0.13158
11.514,-0.14118
11.868,-0.14544
12.234,-0.14456
12.551,-0.14106
12.779,-0.13715
12.903,-0.13309
12.914,-0.12875
12.873,-0.12479
12.855,-0.12033
12.861,-0.11406
12.863,-0.1056
12.835,-0.097276
12.773,-0.093714
12.693,-0.096529
12.573,-0.10286
12.392,-0.11114
12.185,-0.12187
12.074,-0.133
12.092,-0.13852
12.145,-0.1352
12.166,-0.12734
12.181,-0.12355
12.153,-0.12878
11.996,-0.13868
11.828,-0.14256
11.829,-0.13208
11.982,-0.10792
12.197,-0.078845
12.429,-0.054848
12.595,-0.04065
12.644,-0.035226
12.629,-0.035367
12.593,-0.038645
12.56,-0.043437
12.564,-0.048896
12.6,-0.055712
12.651,-0.062999
12.654,-0.069403
12.55,-0.074635
12.368,-0.079831
12.209,-0.08519
12.132,-0.089349
12.142,-0.092697
12.216,-0.097403
12.255,-0.10432
12.214,-0.11233
12.129,-0.11865
12.045,-0.12129
12.06,-0.12157
12.23,-0.12063
12.531,-0.11719
12.83,-0.11104
13.001,-0.10463
12.977,-0.10084
12.83,-0.10159
12.687,-0.10863
12.604,-0.12184
12.55,-0.13827
12.423,-0.15352
12.206,-0.16113
12.012,-0.15722
11.917,-0.14332
11.895,-0.12502
11.961,-0.10693
12.135,-0.09241
12.306,-0.0826
12.376,-0.077404
12.355,-0.076235
12.323,-0.078531
12.343,-0.083756
12.467,-0.091971
12.717,-0.1022
13.039,-0.11104
13.34,-0.1139
13.519,-0.10786
13.469,-0.093167
13.208,-0.07384
12.834,-0.054315
12.435,-0.03867
12.136,-0.030381
12.034,-0.030511
12.072,-0.03558
12.154,-0.041417
12.206,-0.048193
12.171,-0.056835
12.039,-0.065886
11.851,-0.071379
11.76,-0.070112
11.847,-0.063395
12.031,-0.058579
12.236,-0.062433
12.454,-0.074562
12.626,-0.088519
12.696,-0.094887
12.659,-0.08758
12.581,-0.069898
12.486,-0.051327
12.3,-0.039822
12.044,-0.037329
11.832,-0.040837
11.749,-0.046224
11.782,-0.051902
11.884,-0.058551
12.016,-0.066036
12.14,-0.07157
12.202,-0.073616
12.188,-0.074181
12.095,-0.076629
11.938,-0.082544
11.786,-0.090134
11.766,-0.097398
11.858,-0.10355
11.971,-0.1072
12.048,-0.10644
12.086,-0.10047
12.066,-0.091168
12.024,-0.081665
12.012,-0.075616
11.99,-0.07602
11.898,-0.08171
11.772,-0.088896
11.719,-0.095794
11.842,-0.10284
12.093,-0.10943
12.309,-0.11274
12.378,-0.10923
12.292,-0.099088
12.136,-0.088355
11.954,-0.082697
11.814,-0.082467
11.811,-0.088129
11.994,-0.10147
12.335,-0.11715
12.688,-0.12714
12.882,-0.13184
12.856,-0.13352
12.727,-0.13007
12.588,-0.12217
12.462,-0.11415
12.384,-0.10889
12.416,-0.10556
12.547,-0.098899
12.68,-0.086468
12.78,-0.070354
12.795,-0.052601
12.695,-0.034892
12.479,-0.018178
12.219,-0.0048978
12.018,0.0020566
11.936,0.0029598
11.978,-0.00068589
12.102,-0.006183
12.22,-0.011547
12.266,-0.018112
12.222,-0.030168
12.122,-0.048025
11.973,-0.066103
11.827,-0.078098
11.724,-0.080536
11.651,-0.073372
11.578,-0.060766
11.559,-0.0486
11.646,-0.041416
11.797,-0.039562
11.97,-0.040657
12.116,-0.042066
12.222,-0.041325
12.263,-0.037226
12.174,-0.030846
12.025,-0.026341
11.897,-0.026777
11.847,-0.031867
11.848,-0.039184
11.813,-0.045288
11.807,-0.047208
11.898,-0.045522
12.023,-0.04401
12.164,-0.045719
12.378,-0.049925
12.626,-0.053569
12.783,-0.053545
12.787,-0.04827
12.642,-0.038488
12.395,-0.026503
12.121,-0.0139
11.877,-0.0017665
11.722,0.0087961
11.696,0.017318
11.785,0.022348
11.951,0.023639
12.171,0.023421
12.437,0.022497
12.708,0.020883
12.907,0.020347
12.982,0.022562
12.942,0.027119
12.781,0.03237
12.514,0.039382
12.277,0.049996
12.182,0.062626
12.183,0.075041
12.187,0.086763
12.162,0.097214
12.128,0.10553
12.126,0.11283
12.15,0.11991
12.208,0.12299
12.274,0.11804
12.309,0.10651
12.334,0.094547
12.377,0.088838
12.456,0.092663
12.532,0.10477
12.555,0.12147
12.567,0.13846
12.591,0.15291
12.59,0.16197
12.582,0.16355
12.586,0.15945
12.615,0.15325
12.66,0.14911
12.707,0.1483
12.769,0.14791
12.844,0.14499
12.893,0.14038
12.898,0.13751
